-- BẢNG KHOA
INSERT INTO Khoa (ma_khoa, ten_khoa, nam_thanh_lap) VALUES ('CNTT', 'Công nghệ thông tin', 1995);
INSERT INTO Khoa VALUES ('VL', 'Vật Lý', 1970);

-- BẢNG KHÓA HỌC
INSERT INTO KhoaHoc VALUES ('K2002', 2002, 2006);
INSERT INTO KhoaHoc VALUES ('K2003', 2003, 2007);
INSERT INTO KhoaHoc VALUES ('K2004', 2004, 2008);

-- BẢNG CHƯƠNG TRÌNH HỌC
INSERT INTO ChuongTrinhHoc VALUES ('CQ', 'Chính Quy');

-- BẢNG LỚP
INSERT INTO Lop VALUES ('TH2002/01', 'CNTT', 'CQ', 'K2002', 1);
INSERT INTO Lop VALUES ('TH2002/02', 'CNTT', 'CQ', 'K2002', 2);
INSERT INTO Lop VALUES ('VL2003/01', 'VL', 'CQ', 'K2003', 1);

-- BẢNG SINH VIÊN
INSERT INTO SinhVien VALUES ('0212001', 'Nguyễn Vĩnh An', 1984, 'Kinh', 'TH2002/01');
INSERT INTO SinhVien VALUES ('0212002', 'Nguyên Thanh Bình', 1985, 'Kinh', 'TH2002/01');
INSERT INTO SinhVien VALUES ('0212003', 'Nguyễn Thanh Cường', 1984, 'Kinh', 'TH2002/02');
INSERT INTO SinhVien VALUES ('0212004', 'Nguyễn Quốc Duy', 1983, 'Kinh', 'TH2002/02');
INSERT INTO SinhVien VALUES ('0311001', 'Phan Tuấn Anh', 1985, 'Kinh', 'VL2003/01');
INSERT INTO SinhVien VALUES ('0311002', 'Huỳnh Thanh Sang', 1984, 'Kinh', 'VL2003/01');

-- BẢNG MÔN HỌC
INSERT INTO MonHoc VALUES ('THT01', 'CNTT', 'Toán Cao cấp A1');
INSERT INTO MonHoc VALUES ('VLT01', 'VL', 'Toán Cao cấp A1');
INSERT INTO MonHoc VALUES ('THT02', 'CNTT', 'Toán rời rạc');
INSERT INTO MonHoc VALUES ('THCS01', 'CNTT', 'Cấu trúc dữ liệu 1');
INSERT INTO MonHoc VALUES ('THCS02', 'CNTT', 'Hệ điều hành');

-- BẢNG KẾT QUẢ
INSERT INTO KetQua VALUES ('0212001', 'THT01', 1, 4);
INSERT INTO KetQua VALUES ('0212001', 'THT01', 2, 7);
INSERT INTO KetQua VALUES ('0212002', 'THT01', 1, 8);
INSERT INTO KetQua VALUES ('0212003', 'THT01', 1, 6);
INSERT INTO KetQua VALUES ('0212004', 'THT01', 1, 9);
INSERT INTO KetQua VALUES ('0212001', 'THT02', 1, 8);
INSERT INTO KetQua VALUES ('0212002', 'THT02', 1, 5.5);
INSERT INTO KetQua VALUES ('0212003', 'THT02', 1, 4);
INSERT INTO KetQua VALUES ('0212003', 'THT02', 2, 6);
INSERT INTO KetQua VALUES ('0212001', 'THCS01', 1, 6.5);
INSERT INTO KetQua VALUES ('0212002', 'THCS01', 1, 4);
INSERT INTO KetQua VALUES ('0212003', 'THCS01', 1, 7);

-- BẢNG GIẢNG KHÓA
INSERT INTO GiangKhoa VALUES ('CQ', 'CNTT', 'THT01', 2003, 1, 60, 30, 5);
INSERT INTO GiangKhoa VALUES ('CQ', 'CNTT', 'THT02', 2003, 2, 45, 30, 4);
INSERT INTO GiangKhoa VALUES ('CQ', 'CNTT', 'THT01', 2004, 1, 45, 30, 4);